-- Chèn dữ liệu vào bảng DONVI
INSERT INTO X_ADMIN.DONVI (MADV, TENDV, LOAIDV, TRGDV) VALUES ('HOA', 'Khoa Hóa', 'Khoa', null);
INSERT INTO X_ADMIN.DONVI (MADV, TENDV, LOAIDV, TRGDV) VALUES ('TOAN', 'Khoa Toán', 'Khoa', null);
INSERT INTO X_ADMIN.DONVI (MADV, TENDV, LOAIDV, TRGDV) VALUES ('VLY', 'Khoa Vật Lý', 'Khoa', null);
INSERT INTO X_ADMIN.DONVI (MADV, TENDV, LOAIDV, TRGDV) VALUES ('CNTT', 'Khoa Công nghệ thông tin', 'Khoa', null);
INSERT INTO X_ADMIN.DONVI (MADV, TENDV, LOAIDV, TRGDV) VALUES ('PDT', 'Phòng Đào Tạo', 'Phòng', NULL);
INSERT INTO X_ADMIN.DONVI (MADV, TENDV, LOAIDV, TRGDV) VALUES ('PKT', 'Phòng Khảo Thí', 'Phòng', NULL);
INSERT INTO X_ADMIN.DONVI (MADV, TENDV, LOAIDV, TRGDV) VALUES ('TCHC', 'Phòng Tổ Chức Hành Chính', 'Phòng', NULL);
INSERT INTO X_ADMIN.DONVI (MADV, TENDV, LOAIDV, TRGDV) VALUES ('CTSV', 'Phòng Công Tác Sinh Viên', 'Phòng', NULL);

-- Chèn dữ liệu vào bảng NHANVIEN
INSERT INTO X_ADMIN.NHANVIEN (MANV, HOTEN, PHAI, NGSINH, LUONG, PHUCAP, DT, VAITRO, MADV, COSO)
VALUES ('NV0001', 'Nguyễn Văn An', 'Nam', TO_DATE('1980-05-15', 'YYYY-MM-DD'), 15000000, 2000000, '0901234567', 'NVPDT', 'PDT', 'CS1');
INSERT INTO X_ADMIN.NHANVIEN (MANV, HOTEN, PHAI, NGSINH, LUONG, PHUCAP, DT, VAITRO, MADV, COSO) VALUES
('NV0002', 'Trần Thị Bưởi', 'Nữ', TO_DATE('1985-07-20', 'YYYY-MM-DD'), 17000000, 2500000, '0912345678', 'NVPDT', 'PDT', 'CS2');

INSERT INTO X_ADMIN.NHANVIEN (MANV, HOTEN, PHAI, NGSINH, LUONG, PHUCAP, DT, VAITRO, MADV, COSO)
VALUES ('NV0003', 'Trần Thị Bích', 'Nữ', TO_DATE('1985-07-20', 'YYYY-MM-DD'), 17000000, 2500000, '0912345678', 'NVPKT', 'PKT', 'CS1');
INSERT INTO X_ADMIN.NHANVIEN (MANV, HOTEN, PHAI, NGSINH, LUONG, PHUCAP, DT, VAITRO, MADV, COSO) VALUES
('NV0004', 'Lê Văn Cường', 'Nam', TO_DATE('1990-10-25', 'YYYY-MM-DD'), 12000000, 1500000, '0987654321', 'NVPKT', 'PKT', 'CS2');

INSERT INTO X_ADMIN.NHANVIEN (MANV, HOTEN, PHAI, NGSINH, LUONG, PHUCAP, DT, VAITRO, MADV, COSO)
VALUES ('NV0005', 'Phạm Bích Hải', 'Nữ', TO_DATE('1985-07-20', 'YYYY-MM-DD'), 17000000, 2500000, '0912345678', 'NVTCHC', 'TCHC', 'CS1');
INSERT INTO X_ADMIN.NHANVIEN (MANV, HOTEN, PHAI, NGSINH, LUONG, PHUCAP, DT, VAITRO, MADV, COSO) VALUES
('NV0006', 'Nguyễn Văn Hải', 'Nam', TO_DATE('1990-10-25', 'YYYY-MM-DD'), 12000000, 1500000, '0987654321', 'NVTCHC', 'TCHC', 'CS2');

INSERT INTO X_ADMIN.NHANVIEN (MANV, HOTEN, PHAI, NGSINH, LUONG, PHUCAP, DT, VAITRO, MADV, COSO)
VALUES ('NV0007', 'Nguyễn Văn Hùng', 'Nam', TO_DATE('1990-10-25', 'YYYY-MM-DD'), 12000000, 1500000, '0987654321', 'NVCTSV', 'CTSV', 'CS1');
INSERT INTO X_ADMIN.NHANVIEN (MANV, HOTEN, PHAI, NGSINH, LUONG, PHUCAP, DT, VAITRO, MADV, COSO) VALUES
('NV0008', 'Phạm Thị Hương', 'Nữ', TO_DATE('1985-07-20', 'YYYY-MM-DD'), 17000000, 2500000, '0912345678', 'NVCTSV', 'CTSV', 'CS2');

INSERT INTO X_ADMIN.NHANVIEN (MANV, HOTEN, PHAI, NGSINH, LUONG, PHUCAP, DT, VAITRO, MADV, COSO)
VALUES ('NV0009', 'Nguyễn Văn Khánh', 'Nam', TO_DATE('1990-10-25', 'YYYY-MM-DD'), 12000000, 1500000, '0987654321', 'GV', 'HOA','CS1');
INSERT INTO X_ADMIN.NHANVIEN (MANV, HOTEN, PHAI, NGSINH, LUONG, PHUCAP, DT, VAITRO, MADV, COSO) VALUES
('NV0010', 'Phạm Thiên An', 'Nữ', TO_DATE('1985-07-20', 'YYYY-MM-DD'), 17000000, 2500000, '0912345678', 'GV', 'TOAN', 'CS2');
INSERT INTO X_ADMIN.NHANVIEN (MANV, HOTEN, PHAI, NGSINH, LUONG, PHUCAP, DT, VAITRO, MADV, COSO) VALUES
('NV0011', 'Trần Văn Mạnh', 'Nam', TO_DATE('1990-10-25', 'YYYY-MM-DD'), 12000000, 1500000, '0987654321', 'GV', 'VLY', 'CS1');
INSERT INTO X_ADMIN.NHANVIEN (MANV, HOTEN, PHAI, NGSINH, LUONG, PHUCAP, DT, VAITRO, MADV, COSO) VALUES
('NV0012', 'Lê Thị Ngọc', 'Nữ', TO_DATE('1985-07-20', 'YYYY-MM-DD'), 17000000, 2500000, '0912345678', 'GV', 'HOA', 'CS2');
INSERT INTO X_ADMIN.NHANVIEN (MANV, HOTEN, PHAI, NGSINH, LUONG, PHUCAP, DT, VAITRO, MADV, COSO) VALUES
('NV0013', 'Phạm Văn Oanh', 'Nam', TO_DATE('1990-10-25', 'YYYY-MM-DD'), 12000000, 1500000, '0987654321', 'GV', 'TOAN', 'CS1');
INSERT INTO X_ADMIN.NHANVIEN (MANV, HOTEN, PHAI, NGSINH, LUONG, PHUCAP, DT, VAITRO, MADV, COSO) VALUES
('NV0014', 'Nguyễn Văn Phú', 'Nam', TO_DATE('1980-05-15', 'YYYY-MM-DD'), 15000000, 2000000, '0901234567', 'GV', 'CNTT', 'CS2');
INSERT INTO X_ADMIN.NHANVIEN (MANV, HOTEN, PHAI, NGSINH, LUONG, PHUCAP, DT, VAITRO, MADV, COSO) VALUES
('NV0015', 'Trần Thị Quỳnh', 'Nữ', TO_DATE('1985-07-20', 'YYYY-MM-DD'), 17000000, 2500000, '0912345678', 'GV', 'VLY', 'CS1');
INSERT INTO X_ADMIN.NHANVIEN (MANV, HOTEN, PHAI, NGSINH, LUONG, PHUCAP, DT, VAITRO, MADV, COSO) VALUES
('NV0016', 'Trần Thị Rắn', 'Nữ', TO_DATE('1985-07-20', 'YYYY-MM-DD'), 17000000, 2500000, '0912345678', 'GV', 'CNTT', 'CS2');
INSERT INTO X_ADMIN.NHANVIEN (MANV, HOTEN, PHAI, NGSINH, LUONG, PHUCAP, DT, VAITRO, MADV, COSO) VALUES
('NV0017', 'Nguyễn Văn Tâm', 'Nam', TO_DATE('1990-10-25', 'YYYY-MM-DD'), 12000000, 1500000, '0987654321', 'GV', 'CNTT', 'CS1');

INSERT INTO X_ADMIN.NHANVIEN (MANV, HOTEN, PHAI, NGSINH, LUONG, PHUCAP, DT, VAITRO, MADV, COSO)
VALUES ('NV0018', 'Nguyễn Văn Nam', 'Nam', TO_DATE('1990-10-25', 'YYYY-MM-DD'), 12000000, 1500000, '0987654321', 'TRGDV', 'HOA', 'CS1');
INSERT INTO X_ADMIN.NHANVIEN (MANV, HOTEN, PHAI, NGSINH, LUONG, PHUCAP, DT, VAITRO, MADV, COSO) VALUES
('NV0019', 'Phạm Thị Lan', 'Nữ', TO_DATE('1985-07-20', 'YYYY-MM-DD'), 17000000, 2500000, '0912345678', 'TRGDV', 'TOAN', 'CS2');
INSERT INTO X_ADMIN.NHANVIEN (MANV, HOTEN, PHAI, NGSINH, LUONG, PHUCAP, DT, VAITRO, MADV, COSO) VALUES
('NV0020', 'Lê Văn Thành Đạt', 'Nam', TO_DATE('1985-07-20', 'YYYY-MM-DD'), 17000000, 2500000, '0912345678', 'TRGDV', 'VLY', 'CS1');
INSERT INTO X_ADMIN.NHANVIEN (MANV, HOTEN, PHAI, NGSINH, LUONG, PHUCAP, DT, VAITRO, MADV, COSO) VALUES
('NV0021', 'Bùi Duy An', 'Nam', TO_DATE('1985-07-20', 'YYYY-MM-DD'), 17000000, 2500000, '0912345678', 'TRGDV', 'TCHC', 'CS2');
UPDATE X_ADMIN.DONVI SET TRGDV = 'NV0018' WHERE MADV = 'HOA';
UPDATE X_ADMIN.DONVI SET TRGDV = 'NV0019' WHERE MADV = 'TOAN';
UPDATE X_ADMIN.DONVI SET TRGDV = 'NV0020' WHERE MADV = 'VLY';
UPDATE X_ADMIN.DONVI SET TRGDV = 'NV0021' WHERE MADV = 'TCHC';

-- Chèn dữ liệu vào bảng SINHVIEN
INSERT INTO X_ADMIN.SINHVIEN (MASV, HOTEN, PHAI, NGSINH, DCHI, DT, KHOA, TINHTRANG, COSO)
VALUES ('SV0001', 'Lê Văn An', 'Nam', TO_DATE('2002-03-10', 'YYYY-MM-DD'), 'Hà Nội', '0987654321', 'CNTT', 'Đang học', 'CS1');
INSERT INTO X_ADMIN.SINHVIEN (MASV, HOTEN, PHAI, NGSINH, DCHI, DT, KHOA, TINHTRANG, COSO)
VALUES ('SV0002', 'Phạm Thị An', 'Nữ', TO_DATE('2001-09-15', 'YYYY-MM-DD'), 'TP.HCM', '0976543210', 'TOAN', 'Tốt nghiệp', 'CS2');
INSERT INTO X_ADMIN.SINHVIEN (MASV, HOTEN, PHAI, NGSINH, DCHI, DT, KHOA, TINHTRANG, COSO)
VALUES ('SV0003', 'Nguyễn Văn Cường', 'Nam', TO_DATE('2002-03-10', 'YYYY-MM-DD'), 'Hà Nội', '0987654321', 'CNTT', 'Đang học', 'CS1');
INSERT INTO X_ADMIN.SINHVIEN (MASV, HOTEN, PHAI, NGSINH, DCHI, DT, KHOA, TINHTRANG, COSO) VALUES
('SV0004', 'Trần Mỹ Dung', 'Nữ', TO_DATE('2001-09-15', 'YYYY-MM-DD'), 'TP.HCM', '0976543210', 'TOAN', 'Tốt nghiệp', 'CS2');
INSERT INTO X_ADMIN.SINHVIEN (MASV, HOTEN, PHAI, NGSINH, DCHI, DT, KHOA, TINHTRANG, COSO) VALUES
('SV0005', 'Lê Quốc Văn', 'Nam', TO_DATE('2002-03-10', 'YYYY-MM-DD'), 'Hà Nội', '0987654321', 'CNTT', 'Đang học', 'CS1');
INSERT INTO X_ADMIN.SINHVIEN (MASV, HOTEN, PHAI, NGSINH, DCHI, DT, KHOA, TINHTRANG, COSO) VALUES
('SV0006', 'Phạm Thị Vân', 'Nữ', TO_DATE('2001-09-15', 'YYYY-MM-DD'), 'TP.HCM', '0976543210', 'TOAN', 'Tốt nghiệp', 'CS2');
INSERT INTO X_ADMIN.SINHVIEN (MASV, HOTEN, PHAI, NGSINH, DCHI, DT, KHOA, TINHTRANG, COSO) VALUES
('SV0007', 'Nguyễn Quang Đạt', 'Nam', TO_DATE('2002-03-10', 'YYYY-MM-DD'), 'Hà Nội', '0987654321', 'CNTT', 'Đang học', 'CS1');
INSERT INTO X_ADMIN.SINHVIEN (MASV, HOTEN, PHAI, NGSINH, DCHI, DT, KHOA, TINHTRANG, COSO) VALUES
('SV0008', 'Trần Thị Hường', 'Nữ', TO_DATE('2001-09-15', 'YYYY-MM-DD'), 'TP.HCM', '0976543210', 'TOAN', 'Tốt nghiệp', 'CS2');
INSERT INTO X_ADMIN.SINHVIEN (MASV, HOTEN, PHAI, NGSINH, DCHI, DT, KHOA, TINHTRANG, COSO) VALUES
('SV0009', 'Lê Văn Thông', 'Nam', TO_DATE('2002-03-10', 'YYYY-MM-DD'), 'Hà Nội', '0987654321', 'CNTT', 'Đang học', 'CS1');
INSERT INTO X_ADMIN.SINHVIEN (MASV, HOTEN, PHAI, NGSINH, DCHI, DT, KHOA, TINHTRANG, COSO) VALUES
('SV0010', 'Phạm Kiều Dung', 'Nữ', TO_DATE('2001-09-15', 'YYYY-MM-DD'), 'TP.HCM', '0976543210', 'TOAN', 'Tốt nghiệp', 'CS2');
INSERT INTO X_ADMIN.SINHVIEN (MASV, HOTEN, PHAI, NGSINH, DCHI, DT, KHOA, TINHTRANG, COSO)
VALUES ('SV0011', 'Nguyễn Thanh Phong', 'Nam', TO_DATE('2002-03-10', 'YYYY-MM-DD'), 'Hà Nội', '0987654321', 'HOA', 'Nghỉ học', 'CS1');
INSERT INTO X_ADMIN.SINHVIEN (MASV, HOTEN, PHAI, NGSINH, DCHI, DT, KHOA, TINHTRANG, COSO) VALUES
('SV0012', 'Phạm Mỹ Dung', 'Nữ', TO_DATE('2001-09-15', 'YYYY-MM-DD'), 'TP.HCM', '0976543210', 'TOAN', 'Bảo lưu', 'CS2');

-- Chèn dữ liệu vào bảng HOCPHAN
INSERT INTO X_ADMIN.HOCPHAN (MAHP, TENHP, SOTC, STLT, STTH, MADV)
VALUES ('HP001', 'Lập trình Java', 4, 30, 15, 'CNTT');
INSERT INTO X_ADMIN.HOCPHAN (MAHP, TENHP, SOTC, STLT, STTH, MADV)
VALUES ('HP002', 'Giải tích 1', 3, 45, 0, 'TOAN');
INSERT INTO X_ADMIN.HOCPHAN (MAHP, TENHP, SOTC, STLT, STTH, MADV) VALUES
('HP003', 'Vật lý cơ sở', 3, 30, 15, 'VLY');
INSERT INTO X_ADMIN.HOCPHAN (MAHP, TENHP, SOTC, STLT, STTH, MADV) VALUES
('HP004','Phân tích thiết kế hệ thống thông tin', 4, 30, 15, 'CNTT');
INSERT INTO X_ADMIN.HOCPHAN (MAHP, TENHP, SOTC, STLT, STTH, MADV) VALUES
('HP005','Toán rời rạc', 3, 45, 0, 'TOAN');
INSERT INTO X_ADMIN.HOCPHAN (MAHP, TENHP, SOTC, STLT, STTH, MADV) VALUES
('HP006','Vật lý lượng tử', 3, 30, 15, 'VLY');
INSERT INTO X_ADMIN.HOCPHAN (MAHP, TENHP, SOTC, STLT, STTH, MADV) VALUES
('HP007','Cấu trúc dữ liệu và giải thuật', 4, 30, 15, 'CNTT');
INSERT INTO X_ADMIN.HOCPHAN (MAHP, TENHP, SOTC, STLT, STTH, MADV) VALUES
('HP008','Đại số tuyến tính', 3, 45, 0, 'TOAN');
INSERT INTO X_ADMIN.HOCPHAN (MAHP, TENHP, SOTC, STLT, STTH, MADV) VALUES
('HP009','Vật lý đại cương', 3, 30, 15, 'VLY');
INSERT INTO X_ADMIN.HOCPHAN (MAHP, TENHP, SOTC, STLT, STTH, MADV) VALUES
('HP010','Hóa đại cương 1', 3, 30, 15, 'HOA');
INSERT INTO X_ADMIN.HOCPHAN (MAHP, TENHP, SOTC, STLT, STTH, MADV) VALUES
('HP011','Hóa đại cương 2', 3, 45, 0, 'HOA');

-- Chèn dữ liệu vào bảng MOMON
INSERT INTO X_ADMIN.MOMON (MAMM, MAHP, MAGV, HK, NAM) VALUES
('MM001', 'HP001', 'NV0014', 1, 2025);
INSERT INTO X_ADMIN.MOMON (MAMM, MAHP, MAGV, HK, NAM) VALUES
('MM002', 'HP004', 'NV0016', 1, 2025);
INSERT INTO X_ADMIN.MOMON (MAMM, MAHP, MAGV, HK, NAM) VALUES
('MM003', 'HP007', 'NV0017', 1, 2025);
INSERT INTO X_ADMIN.MOMON (MAMM, MAHP, MAGV, HK, NAM) 
VALUES ('MM004', 'HP002', 'NV0010', 1, 2025);
INSERT INTO X_ADMIN.MOMON (MAMM, MAHP, MAGV, HK, NAM) VALUES
('MM005', 'HP005', 'NV0013', 1, 2025);
INSERT INTO X_ADMIN.MOMON (MAMM, MAHP, MAGV, HK, NAM) VALUES
('MM006', 'HP008', 'NV0010', 1, 2025);
INSERT INTO X_ADMIN.MOMON (MAMM, MAHP, MAGV, HK, NAM)
VALUES ('MM007', 'HP003', 'NV0011', 1, 2025);
INSERT INTO X_ADMIN.MOMON (MAMM, MAHP, MAGV, HK, NAM) VALUES
('MM008', 'HP006', 'NV0015', 1, 2025);
INSERT INTO X_ADMIN.MOMON (MAMM, MAHP, MAGV, HK, NAM) VALUES
('MM009', 'HP009', 'NV0011', 1, 2025);
INSERT INTO X_ADMIN.MOMON (MAMM, MAHP, MAGV, HK, NAM) VALUES
('MM010', 'HP010', 'NV0009', 1, 2025);
INSERT INTO X_ADMIN.MOMON (MAMM, MAHP, MAGV, HK, NAM) VALUES
('MM011', 'HP011', 'NV0009', 1, 2025);
INSERT INTO X_ADMIN.MOMON (MAMM, MAHP, MAGV, HK, NAM) VALUES
('MM012', 'HP007', 'NV0017', 3, 2025);
-- Chèn dữ liệu vào bảng DANGKY
INSERT INTO X_ADMIN.DANGKY (MASV, MAMM, DIEMTH, DIEMCT, DIEMCK, DIEMTK) VALUES ('SV0001', 'MM001', 8.0, 7.5, 8.5, 8.2);
INSERT INTO X_ADMIN.DANGKY (MASV, MAMM, DIEMTH, DIEMCT, DIEMCK, DIEMTK)
VALUES ('SV0002', 'MM002', 6.5, 7.0, 7.2, 7.1);
INSERT INTO X_ADMIN.DANGKY (MASV, MAMM, DIEMTH, DIEMCT, DIEMCK, DIEMTK) VALUES
('SV0003', 'MM003', 8.0, 7.5, 8.5, 8.2);
INSERT INTO X_ADMIN.DANGKY (MASV, MAMM, DIEMTH, DIEMCT, DIEMCK, DIEMTK) VALUES
('SV0004', 'MM004', 6.5, 7.0, 7.2, 7.1);
INSERT INTO X_ADMIN.DANGKY (MASV, MAMM, DIEMTH, DIEMCT, DIEMCK, DIEMTK) VALUES
('SV0005', 'MM005', 8.0, 7.5, 8.5, 8.2);
INSERT INTO X_ADMIN.DANGKY (MASV, MAMM, DIEMTH, DIEMCT, DIEMCK, DIEMTK) VALUES
('SV0006', 'MM006', 6.5, 7.0, 7.2, 7.1);
INSERT INTO X_ADMIN.DANGKY (MASV, MAMM, DIEMTH, DIEMCT, DIEMCK, DIEMTK) VALUES
('SV0007', 'MM007', 8.0, 7.5, 8.5, 8.2);
INSERT INTO X_ADMIN.DANGKY (MASV, MAMM, DIEMTH, DIEMCT, DIEMCK, DIEMTK) VALUES
('SV0008', 'MM008', 6.5, 7.0, 7.2, 7.1);
INSERT INTO X_ADMIN.DANGKY (MASV, MAMM, DIEMTH, DIEMCT, DIEMCK, DIEMTK) VALUES
('SV0009', 'MM009', 8.0, 7.5, 8.5, 8.2);
INSERT INTO X_ADMIN.DANGKY (MASV, MAMM, DIEMTH, DIEMCT, DIEMCK, DIEMTK) VALUES
('SV0010', 'MM010', 6.5, 7.0, 7.2, 7.1);
INSERT INTO X_ADMIN.DANGKY (MASV, MAMM, DIEMTH, DIEMCT, DIEMCK, DIEMTK) VALUES
('SV0011', 'MM011', 8.0, 7.5, 8.5, 8.2);

INSERT INTO X_ADMIN.THONGBAO (NOIDUNG) VALUES ('THONG BAO DANH CHO TRUONG DON VI');
INSERT INTO X_ADMIN.THONGBAO (NOIDUNG) VALUES ('THONG BAO DANH CHO NHAN VIEN');
INSERT INTO X_ADMIN.THONGBAO (NOIDUNG) VALUES ('THONG BAO DANH CHO SINH VIEN');
INSERT INTO X_ADMIN.THONGBAO (NOIDUNG) VALUES ('THONG BAO DANH CHO SINH VIEN KHOA HOA CO SO 1');
INSERT INTO X_ADMIN.THONGBAO (NOIDUNG) VALUES ('THONG BAO DANH CHO SINH VIEN KHOA HOA CO SO 2');
INSERT INTO X_ADMIN.THONGBAO (NOIDUNG) VALUES ('THONG BAO DANH CHO SINH VIEN KHOA HOA CO SO 1 VA CO SO 2');
INSERT INTO X_ADMIN.THONGBAO (NOIDUNG) VALUES ('THONG BAO DANH CHO TAT CA SINH VIEN THUOC 2 CO SO');
INSERT INTO X_ADMIN.THONGBAO (NOIDUNG) VALUES ('THONG BAO DANH CHO TRUONG KHOA HOA CO SO 1');
INSERT INTO X_ADMIN.THONGBAO (NOIDUNG) VALUES ('THONG BAO DANH CHO TRUONG KHOA HOA CO SO 1 VA CO SO 2');
INSERT INTO X_ADMIN.THONGBAO (NOIDUNG) VALUES ('THONG BAO HANH CHINH DANH CHO TRUONG DON VI');
INSERT INTO X_ADMIN.THONGBAO (NOIDUNG) VALUES ('THONG BAO HANH CHINH DANH CHO NHAN VIEN TẠI CO SO 1');

COMMIT;
